{
  "variants": {
    "": {
      "model": "modern_industrialization:block/basic_machine_hull"
    }
  },
  "athena:loader": "athena:ctm",
  "ctm_textures": {
    "default": {
      "center": "modern_industrialization:block/casings/lv/ctm/3",
      "empty": "modern_industrialization:block/casings/lv/ctm/0",
      "horizontal": "modern_industrialization:block/casings/lv/ctm/2",
      "particle": "modern_industrialization:block/casings/lv/ctm/4",
      "vertical": "modern_industrialization:block/casings/lv/ctm/1"
    },
    "up": {
      "center": "modern_industrialization:block/casings/lv/ctm/8",
      "empty": "modern_industrialization:block/casings/lv/ctm/5",
      "horizontal": "modern_industrialization:block/casings/lv/ctm/7",
      "particle": "modern_industrialization:block/casings/lv/ctm/9",
      "vertical": "modern_industrialization:block/casings/lv/ctm/6"
    },
    "down": {
      "center": "modern_industrialization:block/casings/lv/ctm/13",
      "empty": "modern_industrialization:block/casings/lv/ctm/10",
      "horizontal": "modern_industrialization:block/casings/lv/ctm/12",
      "particle": "modern_industrialization:block/casings/lv/ctm/14",
      "vertical": "modern_industrialization:block/casings/lv/ctm/11"
    }
  }
}