{
  "variants": {
    "": {
      "model": "modern_industrialization:block/blastproof_casing"
    }
  },
  "athena:loader": "athena:ctm",
  "ctm_textures": {
    "center": "modern_industrialization:block/casings/blastproof_casing/ctm/3",
    "empty": "modern_industrialization:block/casings/blastproof_casing/ctm/0",
    "horizontal": "modern_industrialization:block/casings/blastproof_casing/ctm/2",
    "particle": "modern_industrialization:block/casings/blastproof_casing/ctm/4",
    "vertical": "modern_industrialization:block/casings/blastproof_casing/ctm/1"
  }
}
