{
  "parent": "minecraft:block/cube_all",
  "textures": {
    "all": "modern_industrialization:block/iridium_machine_casing_pipe"
  },
  "athena:loader": "athena:ctm",
  "ctm_textures": {
    "center": "modern_industrialization:block/casings/iridium_machine_casing_pipe/ctm/3",
    "empty": "modern_industrialization:block/casings/iridium_machine_casing_pipe/ctm/0",
    "horizontal": "modern_industrialization:block/casings/iridium_machine_casing_pipe/ctm/2",
    "particle": "modern_industrialization:block/casings/iridium_machine_casing_pipe/ctm/4",
    "vertical": "modern_industrialization:block/casings/iridium_machine_casing_pipe/ctm/1"
  }
}