{
  "variants": {
    "": {
      "model": "modern_industrialization:block/kanthal_coil"
    }
  },
  "athena:loader": "athena:ctm",
  "ctm_textures": {
    "up": {
      "center": "modern_industrialization:block/casings/kanthal_coil/ctm/3",
      "empty": "modern_industrialization:block/casings/kanthal_coil/ctm/0",
      "horizontal": "modern_industrialization:block/casings/kanthal_coil/ctm/2",
      "particle": "modern_industrialization:block/casings/kanthal_coil/ctm/4",
      "vertical": "modern_industrialization:block/casings/kanthal_coil/ctm/1"
    },
    "default": {
      "center": "modern_industrialization:block/casings/kanthal_coil/ctm/6",
      "empty": "modern_industrialization:block/casings/kanthal_coil/ctm/6",
      "horizontal": "modern_industrialization:block/casings/kanthal_coil/ctm/6",
      "particle": "modern_industrialization:block/casings/kanthal_coil/ctm/5",
      "vertical": "modern_industrialization:block/casings/kanthal_coil/ctm/5"
    }
  }
}
