{
  "variants": {
    "": {
      "model": "modern_industrialization:block/steel_machine_casing_pipe"
    }
  },

  "athena:loader": "athena:limited_pillar",
  "ctm_textures": {
    "bottom": "modern_industrialization:block/casings/steel_machine_casing_pipe/ctm/3",
    "center": "modern_industrialization:block/casings/steel_machine_casing_pipe/ctm/2",
    "particle": "modern_industrialization:block/casings/steel_machine_casing_pipe/ctm/4",
    "self": "modern_industrialization:block/casings/steel_machine_casing_pipe/ctm/0",
    "top": "modern_industrialization:block/casings/steel_machine_casing_pipe/ctm/1"
  }
}