{
    "default_overlays": {
      "fluid_auto": "modern_industrialization:block/overlays/fluid_auto",
      "top": "modern_industrialization:block/machines/electric_composter/overlay_top",
      "top_active": "modern_industrialization:block/machines/electric_composter/overlay_top_active",
      "item_auto": "modern_industrialization:block/overlays/item_auto",
      "output": "modern_industrialization:block/overlays/output",
      "side": "modern_industrialization:block/machines/electric_composter/overlay_side",
      "side_active": "modern_industrialization:block/machines/electric_composter/overlay_side_active",
      "front": "modern_industrialization:block/machines/electric_composter/overlay_front",
      "front_active": "modern_industrialization:block/machines/electric_composter/overlay_front_active"
    }
  }