{
    "default_overlays": {
      "fluid_auto": "modern_industrialization:block/overlays/fluid_auto",
      "front": "modern_industrialization:block/machines/electric_seed_reprocessor/overlay_front",
      "front_active": "modern_industrialization:block/machines/electric_seed_reprocessor/overlay_front_active",
      "top": "modern_industrialization:block/machines/electric_seed_reprocessor/overlay_top",
      "top_active": "modern_industrialization:block/machines/electric_seed_reprocessor/overylay_top_active",
      "item_auto": "modern_industrialization:block/overlays/item_auto",
      "output": "modern_industrialization:block/overlays/output"
    }
  }