{
  "containsMultiple": true,
  "veins": [
    {
      "id": "indrev:certus_quartz",
      "optional": true,
      "output": [
        {
          "id": "ae2:quartz_ore",
          "weight": 8
        },
        {
          "id": "minecraft:stone",
          "weight": 20
        },
        {
          "id": "minecraft:dirt",
          "weight": 10
        },
        {
          "id": "minecraft:clay",
          "weight": 1
        },
        {
          "id": "minecraft:gravel",
          "weight": 4
        }
      ],
      "sizeRange": [
        3000,
        8000
      ],
      "biomes": [
        {
          "category": [
            "EXTREME_HILLS",
            "MESA"
          ],
          "weight": 5
        },
        {
          "category": [
            "SAVANNA",
            "DESERT"
          ],
          "weight": 3
        },
        {
          "category": [
            "NETHER"
          ],
          "weight": 1
        }  
      ]
    }
  ]
}
